{"cameraMode":{"drawMode":0,"name":"Shaded","section":"Shading Mode"},"sceneLighting":true,"audioPlay":false,"sceneViewState":{"m_AlwaysRefresh":false,"showFog":true,"showSkybox":true,"showFlares":true,"showImageEffects":true,"showParticleSystems":true,"showVisualEffectGraphs":true,"m_FxEnabled":true},"in2DMode":false,"pivot":{"x":19.506540298461915,"y":9.307116508483887,"z":3.5836713314056398},"rotation":{"x":0.02574300579726696,"y":0.9710996747016907,"z":-0.12331584841012955,"w":0.20272330939769746},"size":11.411661148071289,"orthographic":false}