{"cameraMode":{"drawMode":0,"name":"Shaded","section":"Shading Mode"},"sceneLighting":true,"audioPlay":false,"sceneViewState":{"m_AlwaysRefresh":false,"showFog":true,"showSkybox":true,"showFlares":true,"showImageEffects":true,"showParticleSystems":true,"showVisualEffectGraphs":true,"m_FxEnabled":true},"in2DMode":false,"pivot":{"x":36.02273178100586,"y":22.572721481323243,"z":14.033064842224121},"rotation":{"x":0.18601477146148683,"y":-0.7785506248474121,"z":0.27086877822875979,"w":0.534688413143158},"size":2.4203720092773439,"orthographic":false}