{"cameraMode":{"drawMode":0,"name":"Shaded","section":"Shading Mode"},"sceneLighting":true,"audioPlay":false,"sceneViewState":{"m_AlwaysRefresh":false,"showFog":true,"showSkybox":true,"showFlares":true,"showImageEffects":true,"showParticleSystems":true,"showVisualEffectGraphs":true,"m_FxEnabled":true},"in2DMode":false,"pivot":{"x":-87.4179916381836,"y":62.126529693603519,"z":54.99262237548828},"rotation":{"x":-0.025096410885453225,"y":0.8583622574806213,"z":0.042282503098249438,"w":0.5107396245002747},"size":1.0876636505126954,"orthographic":false}