{"cameraMode":{"drawMode":0,"name":"Shaded","section":"Shading Mode"},"sceneLighting":true,"audioPlay":false,"sceneViewState":{"m_AlwaysRefresh":false,"showFog":true,"showSkybox":true,"showFlares":true,"showImageEffects":true,"showParticleSystems":true,"showVisualEffectGraphs":true,"m_FxEnabled":true},"in2DMode":false,"pivot":{"x":13.805570602416993,"y":65.70535278320313,"z":86.05709838867188},"rotation":{"x":0.036722004413604739,"y":0.955470085144043,"z":-0.25981253385543826,"w":0.13503356277942658},"size":5.051757335662842,"orthographic":false}