{"cameraMode":{"drawMode":0,"name":"Shaded","section":"Shading Mode"},"sceneLighting":true,"audioPlay":false,"sceneViewState":{"m_AlwaysRefresh":false,"showFog":true,"showSkybox":true,"showFlares":true,"showImageEffects":true,"showParticleSystems":true,"showVisualEffectGraphs":true,"m_FxEnabled":true},"in2DMode":false,"pivot":{"x":-24.583816528320314,"y":27.44119644165039,"z":-133.34011840820313},"rotation":{"x":0.16261835396289826,"y":-0.19021546840667725,"z":0.031966522336006168,"w":0.9676417708396912},"size":0.8660253882408142,"orthographic":false}